Strain Type,Strain Subtype,Strain Name,Short Name,Protein Sequence Source,Protein Sequence Accession Number,Full length?,Protein Sequence
A,H1N1,A/H1N1/South Carolina/1/1918,SC/18,GenBank,AAD17229.1,TRUE,mearllvllcafaatnadticigyhannstdtvdtvleknvtvthsvnlledshngklcklkgiaplqlgkcniagwllgnpecdllltasswsyivetsnsengtcypgdfidyeelreqlssvssfekfeifpktsswpnhettkgvtaacsyagassfyrnllwltkkgssypklsksyvnnkgkevlvlwgvhhpptgtdqqslyqnadayvsvgsskynrrftpeiaarpkvrdqagrmnyywtllepgdtitfeatgnliapwyafalnrgsgsgiitsdapvhdcntkcqtphgainsslpfqnihpvtigecpkyvrstklrmatglrnipsiqsrglfgaiagfieggwtgmidgwygyhhqneqgsgyaadqkstqnaidgitnkvnsviekmntqftavgkefnnlerrienlnkkvddgfldiwtynaellvllenertldfhdsnvrnlyekvksqlknnakeigngcfefyhkcddacmesvrngtydypkyseesklnreeidgvklesmgvyqilaiystvasslvllvslgaisfwmcsngslqcrici
A,H1N1,A/H1N1/Puerto Rico/8/1934,PR/34,GenBank,AGU93019.1,TRUE,"mkanllvllsalaaadadticigyhannstdtvdtvleknvtvthsvnlledshngklcrlkgiaplqlg
kcniagwllgnpecdpllpvrswsyivetpnsengicypgdfidyeelreqlssvssferfeifpkessw
pnhntngvtaacshegkssfyrnllwltekegsypklknsyvnkkgkevlvlwgihhppnskeqqnlyqn
enayvsvvtsnynrrftpeiaerpkvrdqagrmnyywtllkpgdtiifeangnliapmyafalsrgfgsg
iitsnasmhecntkcqtplgainsslpyqnihpvtigecpkyvrsaklrmvtglrntpsiqsrglfgaia
gfieggwtgmidgwygyhhqneqgsgyaadqkstqnaingitnkvntviekmniqftavgkefnklekrm
enlnkkvddgfldiwtynaellvllenertldfhdsnvknlyekvksqlknnakeigngcfefyhkcdne
cmesvrngtydypkyseesklnrekvdgvklesmgiyqilaiystvasslvllvslgaisfwmcsngslq
crici"
A,H1N1,A/H1N1/Weiss/1943,Wei/43,GenBank,ABD79101.1,TRUE,mkarllvllcalaatdadticigyhannstdtvdtileknvtvthsvnlledshngklcrlkgiaplqlgkcniagwilgnpecesllserswsyiveipnsengtcypgdftdyeelreqlssvssferfeifpkesswpkhntargvtaacshagkssfyrnllwltekdgsypnlknsyvnkkgkevlvlwgvhhpssikeqqtlyqkenayvsvvssnynrrftpeiaerpkvrdqagrmnyywtllepgdtiifeangnliapwyafalsrgfgsgiitsnasmhecdtkcqtpqgainsslpfqnihpvtigecpkyvrstklrmvtglrnipsiqsrglfgaiagfieggwtgmidgwygyhhqneqgsgyaadqkstqnaingitnkvnsviekmntqftavgkefnnlekrmenlnkkvddgfldiwtynaellillenertldfhdsnvknlyekvksqlrnnakeigngcfefyhkcnnecmesvkngtydypkyseesklnrekidgvklesmgvyqilaiystvasslvllvslgaisfwmcsngslqcrici
A,H1N1,A/H1N1/Fort Monmouth/1/1947,FM/47,GenBank,AAA67338.1,TRUE,mkakllillcaltatdadticigyhannstdtvdtvleknvtvthsvnlledshngklcrlkgiaplqlgkcniagwilgnpecesllskrswsyiaetpnsengacypgdfadyeelreqlssvssferfeifpkerswpkhnitrgvtaacshagkssfyknllwltetdgsypklsksyvnnkekevlvlwgvhhpsniedqktlyrkenayvsvvssnynrrftpeiaerpkvrgqagrinyywtllepgdtiifeangnliapwyafalsrdfgsgiitsnasmdecdtkcqtpqgainsslpfqnihpvtigecpkyvkstklrmvtglrnipsiqsrglfgaiagfieggwtgmidgwygyhhqneqgsgyaadqkstqnainwitnkvnsviekmntqftavgkefnklekrmenlnkkvddgfldiwtynaellvllenertldfhdsnvknlyekvknqlrnnakeigngcfefyhkcnnecmesvkngtydypkyseesklnrekidgvklesmgvyqilaiystvasslvllvslgaisfwmcsngslqcrici
A,H1N1,A/H1N1/Denver/1957,Den/57,GenBank,ABD15258.1,TRUE,mkakllillcalsatdadticigyhannstdtvdtvleknvtvthsvnlledshngklcrlkgkaplqlgncniagwvlgnpecesllsnrswsyiaetpnsengtcypgdfadyeelreqlssvssferfeifpkerswpnhttrgvtaacpharkssfyknlvwlteangsypnlsrsyvnnqekevlvlwgvhhpsnieeqralyrkdnayvsvvssnynrrftpeiakrpkvrdqsgrmnyywtllepgdtiifeatgnliapwyafalsrgpgsgiitsnapldecdtkcqtpqgainsslpfqnihpvtigecpkyvrstklrmvtglrnipsvqsrglfgaiagfieggwtgmmdgwygyhhqneqgsgyaadqkstqnaingitnkvnsviekmntqftavgkefnklekrmenlnkkvddgfmdiwtynaellvllenertldfhdsnvknlyekvknqlrnnakelgngcfefyhkcdnecmesvkngtydypkyseesklnrekidgvklesmgvyrilaiystvasslvllvslgaisfwmcsngslqcrici
A,H1N1,A/H1N1/New Jersey/8/1976,NJ/76,GenBank,AGB51356.1,TRUE,mkaillvllctfaatnadtlcigyhannstdtvdtvleknvtvthsvnlledrhngklcklggiaplhlgkcniagwllgnpecellltvsswsyivetsnsdngtcypgdfinyeelreqlssvssferfeifpktsswpnhetnrgvtaacpyagansfyrnliwlvekgnsypklsksyvnnkgkevlvlwgihhpptstdqqslyqnadayvfvgsskynrkfkpeiaarpkvrgqagrmnyywtliepgdtitfeatgnlvvpryafamnrgsgsgiiisdapvhdcntkcqtpkgaintslpfqnihpvtigecpkyvkstklrmatglrnipsiqsrglfgaiagfieggwtgmidgwygyhhqneqgsgyaadqrstqnaidgitnkvnsviekmntqftavgkefnhlekrienlnkkvddgfldiwtynaellvllenertldfhdsnvknlyekvrsqlrnnakeigngcfefyhkcddtcmesvkngtydypkyseesklnreeidgvklestriyqilaiystvasslvllvslgaisfwmcsngslqcrici
A,H1N1,A/H1N1/USSR/90/1977,USSR/77,GenBank,ABD95350.1,TRUE,mkakllvllcalsatdadticigyhannstdtvdtvleknvtvthsvnlledshngklcrlkgiaplqlgkcniagwilgnpeceslfskkswsyiaetpnsengtcypgyfadyeelreqlssvssferfeifpkerswpkhnvtrgvtascshkgkssfyrnllwltekngsypnlsksyvnnkekevlvlwgvhhpsniedqktiyrkenayvsvvssnynrrftpeiaerpkvrgqagrinyywtllepgdtiifeangnliapwhafalnrgfgsgiitsnasmdecdtkcqtpqgainsslpfqnihpvtigecpkyvrstklrmvtglrnipsiqsrglfgaiagfieggwtgmidgwygyhhqneqgsgyaadqkstqnaingitnkvnsviekmntqftavgkefnklekrmenlnkkvddgfldiwtynaellvllenertldfhdsnvknlyekvksqlknnakeigngcfefyhkcnnecmesvkngtydypkyseesklnrekidgvklesmgvyqilaiystvasslvllvslgaisfwmcsngslqcrici
A,H1N1,A/H1N1/Brazil/11/1978,Bra/78,GenBank,ABO38065.1,TRUE,mkakllvllcalsatdadticigyhannstdtvdtvleknvtvthsvnlledshngklcrlkgiaplqlgkcsiagwilgnpeceslfskkswsyiaetpnsengtcypgyfadyeelreqlssvssferfeifpkerswpkhnitrgvtascshkgkssfyrnllwltekngsypnlsksyvnnkekevlvlwgvhhpsniedqktiyrkenayvsvvssnynrrftpeiakrpkvrgqegrinyywtllepgdtiifeangnliapwyafalsrgfgsgiitsnasmdecdtkcqtpqgainsslpfqnvhpvtigecpkyvrstklrmvtglrnipsiqsrglfgaiagfieggwtgmidgwygyhhqneqgsgyaadqkstqnaingitnkvnsviekmntqftavgkefnklekrmenlnkkvddgfldiwtynaellvllenertldfhdsnvknlyekvksqlknnakeigngcfefyhkcnnecmesvkngtydypkyseesklnrekidgvklesmgvyqilaiystvasslvllvslgaisfwmcsngslqcrici
A,H1N1,A/H1N1/California/10/1978,CA/78,GenBank,ABP49338.1,TRUE,mkakllvllcalsatdadticigyhannstdtvdtvleknvtvthsvnlledshngklcrlkgiaplqlgkcsiagwilgnpeceslfskkswsyiaetpnsengtcypgyfadyeelreqlssvssferfeifpkerswpkhnvtrgvtascshkgkssfyrnllwltekngsypnlsksyvnnkekevlvlwgvhhpsniedqktiyrkenayvsvvssnynrrftpeiakrpkvrgqegrinyywtllepgdtiifeangnliapwyafalsrgfgsgiitsnasmdecdtkcqtpqgainsslpfqnvhpvtigecpkyvrstklrmvtglrnipsiqsrglfgaiagfieggwtgmidgwygyhhqneqgsgyaadqkstqnaingitnkvnsviekmntqftavgkefnklekrmenlnkkvddgfldiwtynaellvllenertldfhdsnvknlyekvksqlknnakeigngcfefyhkcnnecmesvkngtydypkyseesklnrekidgvklesmgvyqilaiystvasslvllvslgaisfwmcsngslqcrici
A,H1N1,A/H1N1/Chile/1/1983,Chi/83,GenBank,ABO38340.1,TRUE,mkakllvllcalsatdadticigyhannstdtvdtvleknvtvthsvnllednhngklcklkgiaplqlgkcsiagwilgnpeceslfskkswsyiaetpnsengtcypgyfadyeelreqlssvssferfeifpkesswpkhnvtkgvtaacshkgkssfyrnllwltekngsypnlsksyvnnkekevlvlwgvhhpsniedqktiyrkenayvsvvsshynrrftpeiakrpkvrnqegrinyywtllepgdtiifeangnliapwyafalsrgfgsgiitsnasmdecdakcqtpqgainsslpfqnvhpvtigecpkyvrstklrmvtglrnipsiqsrglfgaiagfieggwtgmidgwygyhhqneqgsgyaadqkstqnaingitnkvnsiiekmntqftavgkefnklekrmenlnkkvddgfldiwtynaellvllenertldfhdsnvknlyekvksqlknnakeigngcfefyhkcnnecmesvkngtydypkyseesklnrekidgvklesmgvyqilaiystvasslvllvslgaisfwmcsngslqcrici
A,H1N1,A/H1N1/Singapore/6/1986,Sing/86,GenBank,ABO38395.1,TRUE,mkakllvllcaftatdadticigyhannstdtvdtvleknvtvthsvnlledshngklcrlkgiaplqlgncsiagwilgnpeceslfskkswsyiaetpnsengtcypgyfadyeelreqlssvssferfeifpkesswpnhtvtkgvtascshkgrssfyrnllwltkkngsypnlsksyvnnkekevlvlwgvhhpsnigdqraiyhtenayvsvvsshynrrftpeiakrpkvrdqegrinyywtllepgdtiifeangnliapwyafalsrgfgsgiitsnasmdecdakcqtpqgainsslpfqnvhpvtigecpkyvrstklrmvtglrnipsiqsrglfgaiagfieggwtgmidgwygyhhqneqgsgyaadqkstqnaingitnkvnsviekmntqftavgkefnklerrmenlnkkvddgfldiwtynaellvllenertldfhdsnvknlyekvksqlknnakeigngcfefyhkcnnecmesvkngtydypkyseesklnrekidgvklesmgvyqilaiystvasslvllvslgaisfwmcsngslqcrici
A,H1N1,A/H1N1/Texas/36/1991,TX/91,GenBank,ACF41933.1,TRUE,mkakllvllcaftatyadticigyhannstdtvdtvleknvtvthsvnlledshngklcrlkgiaplqlgncsvagwilgnpkceslfskeswsyiaetpnpengtcypgyfadyeelreqlssvssferfeifpkesswpnhtvtkgvttscshngkssfyrnllwlteknglypnlsksyvnnkekevlvlwgvhhpsnirdqraiyhtenayvsvvsshysrrftpeiakrpkvrgqegrinyywtllepgdtiifeangnliapwyafalsrgfgsgiitsnasmdecdakcqtpqgainsslpfqnvhpvtigecpkyvrstklrmvtglrnipsiqsrglfgaiagfieggwtgmidgwygyhhqneqgsgyaadqkstqnaingitnkvnsviekmntqftavgkefnklerrmenlnkkvddgfldiwtynaellvllengrtldfhdsnvknlyekvksqlknnakeigngcfefyhkcnnecmesvkngtydypkyseesklnrgkidgvklesmgvyqilaiystvasslvllvslgaisfwmcsngslqcrici
A,H1N1,A/H1N1/Beijing/262/1995,Bei/95,GenBank,ACF41867.1,TRUE,mkakllvllctftatyadticigyhannstdtvdtvleknvtvthsvnlledshngklcllkgiaplqlgncsvagwilgnpecesliskeswsyivetpnpengtcypgyfadyeelreqlssvssferfeifpkesswpnhtvtgvtascshngkssfyrnllwlteknglypnlsnsyvnnkekevlvlwgvhhpsnirdqraiyhtenayvsvvsshysrrftpeiakrpkvrgqegrinyywtllepgdtiifeangnliapwyafalsrgfgsgiitsnapmnecdakcqtpqgainsslpfqnvhpvtigecpkyvrstklrmvtglrnipsiqsrglfgaiagfieggwtgmmdgwygyhhqneqgsgyaadqkstqnaingitnkvnsviekmntqftavgkefnklerrmenlnkkvddgfldiwtynaellvllenertldfhdsnvknlyekvksqlknnakeigngcfefyhkcnnecmesvkngtydypkyseesklnrekidgvklesmgvyqilaiystvasslvllvslgaisfwmcsngslqcrici
A,H1N1,A/H1N1/New Caledonia/20/1999,NC/99,GenBank,AAP34324.1,TRUE,mkakllvllctftatyadticigyhannstdtvdtvleknvtvthsvnlledshngklcllkgiaplqlgncsvagwilgnpecelliskeswsyivetpnpengtcypgyfadyeelreqlssvssferfeifpkesswpnhtvtgvsascshngkssfyrnllwltgknglypnlsksyvnnkekevlvlwgvhhppnignqralyhtenayvsvvsshysrrftpeiakrpkvrdqegrinyywtllepgdtiifeangnliapwyafalsrgfgsgiitsnapmdecdakcqtpqgainsslpfqnvhpvtigecpkyvrsaklrmvtglrnipsiqsrglfgaiagfieggwtgmvdgwygyhhqneqgsgyaadqkstqnaingitnkvnsviekmntqftavgkefnklerrmenlnkkvddgfldiwtynaellvllenertldfhdsnvknlyekvksqlknnakeigngcfefyhkcnnecmesvkngtydypkyseesklnrekidgvklesmgvyqilaiystvasslvllvslgaisfwmcsngslqcrici
A,H1N1,A/H1N1/Solomon Islands/3/2006,SI/06,GenBank,ABU99109.1,TRUE,mkvkllvllctftatyadticigyhannstdtvdtvleknvtvthsvnlledshngklcllkgiaplqlgncsvagwilgnpecellisreswsyivekpnpengtcypghfadyeelreqlssvssferfeifpkesswpnhtttgvsascshngessfyknllwltgknglypnlsksyannkekevlvlwgvhhppnigdqralyhkenayvsvvsshysrkftpeiakrpkvrdqegrinyywtllepgdtiifeangnliapryafalsrgfgsgiinsnapmdecdakcqtpqgainsslpfqnvhpvtigecpkyvrsaklrmvtglrnipsiqsrglfgaiagfieggwtgmvdgwygyhhqneqgsgyaadqkstqnaingitnkvnsviekmntqftavgkefnklerrmenlnkkvddgfidiwtynaellvllenertldfhdsnvknlyekvksqlknnakeigngcfefyhkcndecmesvkngtydypkyseesklnrekidgvklesmgvyqilaiystvasslvllvslgaisfwmcsngslqcrici
A,H1N1,A/H1N1/Brisbane/59/2007,Bris/07,GenBank,ADE28750.1,TRUE,mkvkllvllctftatyadticigyhannstdtvdtvleknvtvthsvnllenshngklcllkgiaplqlgncsvagwilgnpecelliskeswsyivekpnpengtcypghfadyeelreqlssvssferfeifpkesswpnhtvtgvsascshngessfyrnllwltgknglypnlsksyannkekevlvlwgvhhppnignqkalyhtenayvsvvsshysrkftpeiakrpkvrdqegrinyywtllepgdtiifeangnliapryafalsrgfgsgiinsnapmdkcdakcqtpqgainsslpfqnvhpvtigecpkyvrsaklrmvtglrnipsiqsrglfgaiagfieggwtgmvdgwygyhhqneqgsgyaadqkstqnaingitnkvnsviekmntqftavgkefnklerrmenlnkkvddgfidiwtynaellvllenertldfhdsnvknlyekvksqlknnakeigngcfefyhkcndecmesvkngtydypkyseesklnrekidgvklesmgvyqilaiystvasslvllvslgaisfwmcsngslqcrici
A,H1N1,A/H1N1/California/07/2009,CA/09,GenBank,ACP41953.1,TRUE,mkailvvllytfatanadtlcigyhannstdtvdtvleknvtvthsvnlledkhngklcklrgvaplhlgkcniagwilgnpeceslstasswsyivetpssdngtcypgdfidyeelreqlssvssferfeifpktsswpnhdsnkgvtaacphagaksfyknliwlvkkgnsypklsksyindkgkevlvlwgihhpstsadqqslyqnadayvfvgssryskkfkpeiairpkvrdqegrmnyywtlvepgdkitfeatgnlvvpryafamernagsgiiisdtpvhdcnttcqtpkgaintslpfqnihpitigkcpkyvkstklrlatglrnipsiqsrglfgaiagfieggwtgmvdgwygyhhqneqgsgyaadlkstqnaideitnkvnsviekmntqftavgkefnhlekrienlnkkvddgfldiwtynaellvllenertldyhdsnvknlyekvrsqlknnakeigngcfefyhkcdntcmesvkngtydypkyseeaklnreeidgvklestriyqilaiystvasslvlvvslgaisfwmcsngslqcrici
A,H1N1,A/H1N1/Michigan/45/2015,MI/15,GenBank,AMV49034.1,TRUE,mkailvvllytfttanadtlcigyhannstdtvdtvleknvtvthsvnlledkhngklcklrgvaplhlgkcniagwilgnpeceslstasswsyivetsnsdngtcypgdfinyeelreqlssvssferfeifpktsswpnhdsnkgvtaacphagaksfyknliwlvkkgnsypklnqsyindkgkevlvlwgihhpsttadqqslyqnadayvfvgtsryskkfkpeiatrpkvrdregrmnyywtlvepgdkitfeatgnlvvpryaftmernagsgiiisdtpvhdcnttcqtpegaintslpfqnihpitigkcpkyvkstklrlatglrnvpsiqsrglfgaiagfieggwtgmvdgwygyhhqneqgsgyaadlkstqnaidkitnkvnsviekmntqftavgkefnhlekrienlnkkvddgfldiwtynaellvllenertldyhdsnvknlyekvrnqlknnakeigngcfefyhkcdntcmesvkngtydypkyseeaklnrekidgvklestriyqilaiystvasslvlvvslgaisfwmcsngslqcrici
A,H1N1,A/H1N1/Brisbane/02/2018,Bris/18,Gisaid,EPI1415369,TRUE,"mkailvvllytfttanadtlcigyhannstdtvdtvleknvtvthsvnlledkhngklcklggvaplhlgkcniagwilg
npeceslstarswsyivetsnsdngtcypgdfinyeelreqlssvssferfeifpktsswpnhdsnkgvtaacphagaks
fyknliwlvkkgnsypklnqtyindkgkevlvlwgihhppttadqqslyqnadayvfvgtsryskkfkpeiatrpkvrdr
egrmnyywtlvepgdkitfeatgnlvvpryaftmernagsgiiisdtpvhdcnttcqtaegaintslpfqnvhpvtigkc
pkyvkstklrlatglrnvpsiqsrglfgaiagfieggwtgmvdgwygyhhqneqgsgyaadlkstqnaidkitnkvnsvi
ekmntqftavgkefnhlekrienlnkkvddgfldiwtynaellvllenertldyhdsnvknlyekvrnqlknnakeigng
cfefyhkcdntcmesvkngtydypkyseeaklnrekidgvklestriyqilaiystvasslvlvvslgaisfwmcsngsl
qcrici"
A,H1N1,A/H1N1/Guangdong-Maonan/SWL1536/2019,GD/19,Gisaid,EPI3133357,TRUE,"mkailvvllytfttanadtlcigyhannstdtvdtvleknvtvthsvnlledkhngklcklrgvaplhlgkcniagwilg
npeceslstarswsyivetsnsdngtcypgdfinyeelreqlssvssferfeifpktsswpnhdsdkgvtaacphagaks
fyknliwlvkkgnsypklnqtyindkgkevlvlwgihhpptiavqeslyqnadayvfvgtsryskkfkpeiatrpkvrdq
egrmnyywtlvepgdkitfeatgnlvvpryaftmerdagsgiiisdtpvhdcnttcqtpegaintslpfqnvhpitigkc
pkyvkstklrlatglrnvpsiqsrglfgaiagfieggwtgmvdgwygyhhqneqgsgyaadlkstqnaidkitnkvnsvi
ekmntqftavgkefnhlekrienlnkkvddgfldiwtynaellvllenertldyhdsnvknlyekvrnqlknnakeigng
cfefyhkcdntcmesvkngtydypkyseeaklnrekidgvklestriyqilaiystvasslvlvvslgaisfwmcsngsl
qcrici"
A,H1N1,A/H1N1/Victoria/2570/2019,Vic/19,GenBank,WEY08940.1,TRUE,"MKAILVVMLYTFTTANADTLCIGYHANNSTDTVDTVLEKNVTVTHSVNLLEDKHNGKLCKLRGVAPLHLG
KCNIAGWILGNPECESLSTARSWSYIVETSNSDNGTCYPGDFINYEELREQLSSVSSFERFEIFPKTSSW
PNHDSDNGVTAACPHAGAKSFYKNLIWLVKKGKSYPKINQTYINDKGKEVLVLWGIHHPPTIADQQSLYQ
NADAYVFVGTSRYSKKFKPEIATRPKVRDREGRMNYYWTLVEPGDKITFEATGNLVAPRYAFTMERDAGS
GIIISDTPVHDCNTTCQTPEGAINTSLPFQNVHPITIGKCPKYVKSTKLRLATGLRNVPSIQSRGLFGAI
AGFIEGGWTGMVDGWYGYHHQNEQGSGYAADLKSTQNAIDKITNKVNSVIEKMNTQFTAVGKEFNHLEKR
IENLNKKVDDGFLDIWTYNAELLVLLENERTLDYHDSNVKNLYEKVRNQLKNNAKEIGNGCFEFYHKCDN
TCMESVKNGTYDYPKYSEEAKLNREKIDGVKLDSTRIYQILAIYSTVASSLVLVVSLGAISFWMCSNGSL
QCRICI"
A,H3N2,A/H3N2/Hong Kong/8/1968,HK/68,GenBank,ABQ97200.1,TRUE,mktiialsyifclalgqdlpgndnstatlclghhavpngtlvktitddqievtnatelvqssstgkicnnphrildgidctlidallgdphcdvfqnetwdlfverskafsncypydvpdyaslrslvassgtlefitegftwtgvtqnggsnackrgpgngffsrlnwltksgstypvlnvtmpnndnfdklyiwgvhhpstnqeqtslyvqesgrvtvstrrsqqsiipnigsrpwvrgqssrisiywtivkpgdvlvinsngnliaprgyfkmrtgkssimssdapidtcisecitpngsipndkpfqnvnkitygacpkyvkqntlklatgmrnvpekqtrglfgaiagfiengwegmidgwygfrhqnsegtgqaadlkstqaaidqingklnrviektnekfhqiekefsevegriqdlekyvedtkidlwsynaellvalenqhtidltdsemnklfektrrqlrenaedmgngcfkiyhkcdnaciesirngtydhdvyrdealnnrfqikgvelksgykdwilwisfaiscfllcvvllgfimwacqrgnircnici
A,H3N2,A/H3N2/Port Chalmers/1/1973,PC/73,GenBank,ABE12532.1,TRUE,mktiialsyifclvlgqdfpgndnstatlclghhavpngtlvktitndqievtnatelvqssstgkicnnphrildginctlidallgdphcdgfqnetwdlfverskafsncypydvpdyaslrslvassgtlefinegftwtgvtqnggsnackrgpdsgffsrlnwlyksgsaypvlnvtmpnndnfdklyiwgvhhpstdqeqtnlyvqasgrvtvstkrsqqtiipnigsrpwvrglssrisiywtivkpgdilvinsngnliaprgyfkmrtgkssimrsdapigtcisecitpngsipndkpfqnvnkitygacpkyvkqntlklatgmrnvpekqtrgifgaiagfiengwegmidgwygfrhqnsegtgqaadlkstqaaidqingklnrviektnekfhqiekefsevegriqdlekyvedtkidlwsynaellvalenqhtidltdsemnklfektrrqlrenaedmgngcfkiyhkcdnacigsirngtydhdvyrdealnnrfqikgvelksgykdwilwisfaiscfllcvvllgfimwacqkgnircnici
A,H3N2,A/H3N2/Texas/1/1977,TX/77,GenBank,AFM68965.1,TRUE,mktiialsyifcqvlaqnlpgndnstatlclghhavpngtlvktitndqievtnatelvqssstgricdsphrildgknctlidallgdphcdgfqnekwdlfverskafsncypydvpdyaslrslvassgtlefinegfnwtgvtqnggsyackrgpdnsffsrlnwlyksestypvlnvtmpnndnfdklyiwgvhhpstdkeqtnlyvqasgrvtvstkrsqqtiipnvgsrpwvrglssgisiywtivkpgdillinsngnliaprgyfkirtgkssimrsdapigtcssecitpngsipndkpfqnvnkitygacpkyvkqntlklatgmrnvpekqtrgifgakagfiengwegmidgwygfrhqnsegtgqaadlkstqaaidqingklnrviektnekfhqiekefsevegriqdlekyvedtkidlwsynaellvalenqhtidltdsemnklfektrrqlrenaedmgngcfkiyhkcdnacigsirngtydhdvyrdealnnrfqikgvelksgykdwilwisfaiscfllcvvllgfimwacqkgnircnici
A,H3N2,A/H3N2/Mississippi/1/1985,MS/85,GenBank,AAA62338.1,FALSE,qklpgndnstatlclghhavpngtlvktitndqievtnatelvqssstgricdsphrildgknctlidallgdphcdgfqnekwdlfverskafsncypydvpdyaslrslvassgtlefinegfnwtgvtqsggsyackrgsvnsffsrlnwlyeseskypalnvtmpnngkfdklyiwgvhhpitdkeqtnlyvrasgrvtvstkrsqqtvipnigsrpwvrgqssrisiywtivkpgdillinsignliaprgyfkirtgkssimrsdapigtcssecitpngsipndkpfqnvnkitygacpryvkqntlklatgmrnvpekqtr
A,H3N2,A/H3N2/Sichuan/2/1987,Sich/87,GenBank,AFG72085.1,TRUE,mktiialsyifclvfaqklpgndnstatlclghhavpngtlvktitndqievtnatelvqssstgricdsphrildgknctlidallgdphcdgfqnekwdlfverskaysncypydvpdyaslrslvassgtlefinedfnwigvtqsggscackrgsvnsffsrlnwlheseqkypalnvtmpnngkfdklyiwgvhhpstdreqtnlyvrasgrvtvstkrsqqtvipnigsrpwvrglssrisiywtivkpgdillinsignliaprgyfkirtgkssimrsdapigtcssecitpngsipndkpfqnvnkitygacpryvkqntlklatgmrnvpekqtrgifgaiagfiengwegmvdgwygfrhqnsegtgqaadlkstqaaidqingklnrliektnekfhqiekefsevegriqdlekyvedtkidlwsynaellvalenqhtidltdsemnklfektrkqlrenaedmgngcfkiyhkcdnacigsirngtydhdvyrdealnnrfqikgvelksgykdwilwisfaiscfllcvvllgfimwacqkgnircnici
A,H3N2,A/H3N2/Shandong/9/1993,Shan/93,GenBank,AFH00285.1,TRUE,mktiialsyilclvfaqklpgndnstatlclghhavpngtlvktitndqievtnatelvqssstgricgsphrildgknctlidallgdphcdgfqnkewdlfverskaysncypydvpdyaslrslvassgtlefinedfnwtgvaqdggsyackrgsvnsffsrlnwlhkleykypalnvtmpnngkfdklyiwgvhhpstdsdqtslyvrasgrvtvstkrsqqtvtpnigsrpwvrgqssrisiywtivkpgdillinstgnliaprgyfkirngkssimrsdapigncssecitpngsipndkpfqnvnritygacpryvkqntlklatgmrnvpekqtrgifgaiagfiengwegmvdgwygfrhqnsegtgqaadlkstqaaidqingklnrliektnekfhqiekefsevegriqdlekyvedtkidlwsynaellvalenqhtidltdsemnklfektrkqlrenaedmgngcfkiyhkcdnacigsirngtydhdvyrdealnnrfqikgvelksgykdwilwisfaiscfllcvvllgfimwacqkgnircnici
A,H3N2,A/H3N2/Nanchang/933/1995,Nan/95,GenBank,AFG72625.1,TRUE,mktiialsyilclvfaqklpgndnstatlclghhavpngtlvktitndqievtnatelvqssstgricdsphrildgknctlidallgdphcdgfqnkewdlfverskaysncypydvpdyaslrslvassgtleftnegfnwtgvaqdgtsyackrgsvksffsrlnwlhkleykypalnvtmpnndkfdklyiwgvhhpstdsdqtslyvqasgrvtvstkrsqqtvipnigsrpwvrgissrisiywtivkpgdillikstgnliaprgyfkirsgkssimrsdapigncnsecitpngsipndkpfqnvnritygacpryvkqntlklatgmrnvpekqtrgifgaiagfiengwegmvdgwygfrhqnsegtgqaadlkstqaainqingklnrliektnekfhqiekefsevegriqdlekyvedtkidlwsynaellvalenqhtidltdsemnklfertrkqlrenaedmgngcfkiyhkcdnacigsirngtydhdvyrdealnnrfqikgvelksgykdwilwisfaiscfllcvvllgfimwacqkgnircnici
A,H3N2,A/H3N2/Sydney/5/1997,Syd/97,GenBank,ACO95259.1,TRUE,mktiialsyilclvfaqkipgndnstatlclghhavpngtlvktitndqievtnatelvqssstgricdsphrildgenctlidallgdphcdgfqnkewdlfverskaysncypydvpdyaslrslvassgtlefnnesfnwtgvaqngtsyackrssiksffsrlnwlhqlkykypalnvtmpnndkfdklyiwgvhhpstdsdqtsiyaqasgrvtvstkrsqqtvipnigsrpwvrgissrisihwtivkpgdillinstgnliaprgyfkirsgkssimrsdapigkcnsecitpngsipndkpfqnvnritygacpryvkqntlklatgmrnvpekqtrgifgaiagfiengwegmvdgwygfrhqnsegtgqaadlkstqaainqingklnrliektnekfhqiekefsevegriqdlekyvedtkidlwsynaellvalenqhtidltdsemnklfertrkqlrenaedmgngcfkiyhkcdnacigsirngtydhdvyrdealnnrfqikgvelksgykdwilwisfaiscfllcvvllgfimwacqkgnircnici
A,H3N2,A/H3N2/Panama/2007/1999,Pan/99,GenBank,ABF21273.1,TRUE,mktiialsyilclvfaqklpgndnstatlclghhavsngtlvktitndqievtnatelvqssstgricdsphqildgenctlidallgdphcdgfqnkewdlfverskaysncypydvpdyaslrslvassgtlefnnesfnwtgvaqngtssackrrsnksffsrlnwlhqlkykypalnvtmpnnekfdklyiwgvhhpstdsdqisiyaqasgrvtvstkrsqqtvipnigsspwvrgvssrisiywtivkpgdillinstgnliaprgyfkirsgkssimrsdapigkcnsecitpngsipndkpfqnvnritygacpryvkqntlklatgmrnvpekqtrgifgaiagfiengwegmvdgwygfrhqnsegtgqaadlkstqaainqingklnrliektnekfhqiekefsevegriqdlekyvedtkidlwsynaellvalenqhtidltdsemnklfertkkqlrenaedmgngcfkiyhkcdnacigsirngtydhdvyrdealnnrfqikgvelksgykdwilwisfaiscfllcvvllgfimwacqkgnircnici
A,H3N2,A/H3N2/Fujian/411/2002,Fuj/02,GenBank,AFG72823.1,TRUE,mktiialsyilclvfaqklpgndnstatlclghhavpngtivktitndqievtnatelvqssstggicdsphqildgenctlidallgdpqcdgfqnkkwdlfverskaysncypydvpdyaslrslvassgtlefnnesfnwtgvtqngtssackrrsnksffsrlnwlthlkykypalnvtmpnnekfdklyiwgvlhpgtdsdqislyaqasgritvstkrsqqtvipnigsrprvrgvssrisiywtivkpgdillinstgnliaprgyfkirsgkssimrsdapigkcnsecitpngsipndkpfqnvnritygacpryikqntlklatgmrnvpekqtrgifgaiagfiengwegmvdgwygfrhqnsegtgqaadlkstqaainqingklnrligktnekfhqiekefsevegriqdlekyvedtkidlwsynaellvalenqhtidltdsemnklfertkkqlrenaedmgngcfkiyhkcdnacigsirngtydhdvyrdealnnrfqikgvelksgykdwilwisfaiscfllcvallgfimwacqkgnircnici
A,H3N2,A/H3N2/New York/55/2004,NY/04,GenBank,ACF41900.1,TRUE,mktiialsyilclvfaqklpgndnstatlclghhavpngtivktitndqievtnatelvqssstggicdsphqildgenctlidallgdpqcdgfqnkkwdlfverskaysncypydvpdyaslrslvassgtlefnnesfnwtgvtqngtsssckrrsnnsffsrlnwlthlkfkypalnvtmpnnekfdklyiwgvhhpvtdndqirlyaqasgritvstkrsqqtvipnigsrprvrdipsrisiywtivkpgdillinstgnliaprgyfkirsgkssimrsdapigkcnsecitpngsipndkpfqnvnritygacpryvkqntlklatgmrnvpekqtrgifgaiagfiengwegmvdgwygfrhqnsegigqaadlkstqaainqingklnrligktnekfhqiekefsevegriqdlekyvedtkidlwsynaellvalenqhtidltdsemnklfertkkqlrenaedmgngcfkiyhkcdnacigsirngtydhdvyrdealnnrfqikgvelksgykdwilwisfaiscfllcvvllgfimwacqkgnircnici
A,H3N2,A/H3N2/Wisconsin/67/2005,WI/05,GenBank,AHG96791.1,TRUE,mktiialsyilclvfaqklpgndnstatlclghhavpngtivktitndqievtnatelvqssstggicdsphqildgenctlidallgdpqcdgfqnkkwdlfverskaysncypydvpdyaslrslvassgtlefndesfnwtgvtqngtsssckrrsnnsffsrlnwltqlkfkypalnvtmpnnekfdklyiwgvhhpvtdndqiflyaqasgritvstkrsqqtvipnigsrprirnipsrisiywtivkpgdillinstgnliaprgyfkirsgkssimrsdapigkcnsecitpngsipndkpfqnvnritygacpryvkqntlklatgmrnvpekqtrgifgaiagfiengwegmvdgwygfrhqnsegigqaadlkstqaainqingklnrligktnekfhqiekefseverriqdlekyvedtkidlwsynaellvalenqhtidltdsemnklfertkkqlrenaedmgngcfkiyhkcdnacigsirngtydhdvyrdealnnrfqikgvelksgykdwilwisfaiscfllcvallgfimwacqkgnircnici
A,H3N2,A/H3N2/Brisbane/10/2007,Br/07,GenBank,AIW60702.1,TRUE,"mktiialsyilclvftqklpgndnstatlclghhavpngtivktitndqievtnatelvqssstgeicds
phqildgenctlidallgdpqcdgfqnkkwdlfverskaysncypydvpdyaslrslvassgtlefnnes
fnwtgvtqngtssacirrsnnsffsrlnwlthlkfkypalnvtmpnnekfdklyiwgvhhpgtdndqifl
yaqasgritvstkrsqqtvipnigsrprvrnipsrisiywtivkpgdillinstgnliaprgyfkirsgk
ssimrsdapigkcnsecitpngsipndkpfqnvnritygacpryvkqntlklatgmrnvpekqtrgifga
iagfiengwegmvdgwygfrhqnsegigqaadlkstqaaidqingklnrligktnekfhqiekefseveg
riqdlekyvedtkidlwsynaellvalenqhtidltdsemnklfektkkqlrenaedmgngcfkiyhkcd
nacigsirngtydhdvyrdealnnrfqikgvelksgykdwilwisfaiscfllcvallgfimwacqkgni
rcnici"
A,H3N2,A/H3N2/Uruguay/716/2007,Uru/07,GenBank,ACD47213.1,TRUE,mktiialsyilclvfaqklpgndnstatlclghhavpngtivktitndqievtnatelvqssstgeicdsphqildgenctlidallgdpqcdgfqnkkwdlfverskaysncypydvpdyaslrslvassgtlefnnesfnwtgvtqngtssscirrsnnsffsrlnwlthlkfkypalnvtmpnnekfdklyiwgvhhpgtdndqifpyaqasgritvstkrsqqtvipnigsrprvrnipsrisiywtivkpgdillinstgnliaprgyfkirsgkssimrsdapigkcnsecitpngsipndkpfqnvnritygacpryvkqntlklatgmrnvpekqtrgifgaiagfiengwegmvdgwygfrhqnsegigqaadlkstqaaidqingklnrligktnekfhqiekefsevegriqdlekyvedtkidlwsynaellvalenqhtidltdsemnklfektkkqlrenaedmgngcfkiyhkcdnacigsirngtydhdvyrdealnnrfqikgvelksgykdwilwisfaiscfllcvallgfimwacqkgnircnici
A,H3N2,A/H3N2/Perth/16/2009,Per/09,GenBank,ACS71642.1,TRUE,mktiialsyilclvfaqklpgndnstatlclghhavpngtivktitndqievtnatelvqssstgeicdsphqildgknctlidallgdpqcdgfqnkkwdlfverskaysncypydvpdyaslrslvassgtlefnnesfnwtgvtqngtssacirrsknsffsrlnwlthlnfkypalnvtmpnneqfdklyiwgvhhpgtdkdqiflyaqasgritvstkrsqqtvspnigsrprvrnipsrisiywtivkpgdillinstgnliaprgyfkirsgkssimrsdapigkcnsecitpngsipndkpfqnvnritygacpryvkqntlklatgmrnvpekqtrgifgaiagfiengwegmvdgwygfrhqnsegrgqaadlkstqaaidqingklnrligktnekfhqiekefsevegriqdlekyvedtkidlwsynaellvalenqhtidltdsemnklfektkkqlrenaedmgngcfkiyhkcdnacigsirngtydhdvyrdealnnrfqikgvelksgykdwilwisfaiscfllcvallgfimwacqkgnircnici
A,H3N2,A/H3N2/Victoria/361/2011,Vic/11,GenBank,AIU46088.1,TRUE,mktiialshilclvfaqklpgndnstatlclghhavpngtivktitndqievtnatelvqnssigeicdsphqildgenctlidallgdpqcdgfqnkkwdlfverskaysncypydvpdyaslrslvassgtlefnnesfnwtgvtqngtssacirrsnnsffsrlnwlthlnfkypalnvtmpnneqfdklyiwgvhhpgtdkdqiflyaqssgritvstkrsqqavipnigsrprirnipsrisiywtivkpgdillinstgnliaprgyfkirsgkssimrsdapigkcnsecitpngsipndkpfqnvnritygacpryvkqstlklatgmrnvpekqtrgifgaiagfiengwegmvdgwygfrhqnsegrgqaadlkstqaaidqingklnrligktnekfhqiekefsevegriqdlekyvedtkidlwsynaellvalenqhtidltdsemnklfektkkqlrenaedmgngcfkiyhkcdnacigsirngtydhdvyrdealnnrfqikgvelksgykdwilwisfaiscfllcvallgfimwacqkgnircnici
A,H3N2,A/H3N2/Texas/50/2012,TX/12,GenBank,AGL07159.1,TRUE,mktiialsyilclvfaqklpgndnstatlclghhavpngtivktitndrievtnatelvqnssigeicdsphqildgenctlidallgdpqcdgfqnkkwdlfverskaysncypydvpdyaslrslvassgtlefnnesfnwngvtqngtssacirrsnnsffsrlnwlthlnfkypalnvtmpnneqfdklyiwgvhhpgtdkdqiflyaqpsgritvstkrsqqavipnigsrprirnipsrisiywtivkpgdillinstgnliaprgyfkirsgkssimrsdapigkcksecitpngsipndkpfqnvnritygacpryvkqstlklatgmrnvpekqtrgifgaiagfiengwegmvdgwygfrhqnsegrgqaadlkstqaaidqingklnrligktnekfhqiekefsevegriqdlekyvedtkidlwsynaellvalenqhtidltdsemnklfektkkqlrenaedmgngcfkiyhkcdnacigsirngtydhdvyrdealnnrfqikgvelksgykdwilwisfaiscfllcvallgfimwacqkgnircnici
A,H3N2,A/H3N2/Switzerland/9715293/2013,Switz/13,Gisaid,EPI530687,TRUE,"mktiialsyilclvfaqklpgndnstatlclghhavpngtivktitndrievtnatelvqnssigeicdsphqildgenc
tlidallgdpqcdgfqnkkwdlfverskaysncypydvpdyaslrslvassgtlefnnesfnwagvtqngtssscirgsn
ssffsrlnwlthlnskypalnvtmpnneqfdklyiwgvhhpgtdkdqiflyaqssgritvstkrsqqavipnigsrprir
dipsrisiywtivkpgdillinstgnliaprgyfkirsgkssimrsdapigkcksecitpngsipndkpfqnvnrityga
cpryvkqstlklatgmrnvperqtrgifgaiagfiengwegmvdgwygfrhqnsegrgqaadlkstqaaidqingklnrl
igktnekfhqiekefsevegriqdlekyvedtkidlwsynaellvalenqhtidltdsemnklfektkkqlrenaedmgn
gcfkiyhkcdnacigsirngtydhdvyrdealnnrfqikgvelksgykdwilwisfaiscfllcvallgfimwacqkgni
rcnici"
A,H3N2,A/H3N2/Hong Kong/4801/2014,HK/14,Gisaid,EPI834581,TRUE,"mktiialsyilclvfaqkipgndnstatlclghhavpngtivktitndrievtnatelvqnssigeicdsphqildgenc
tlidallgdpqcdgfqnkkwdlfverskaysncypydvpdyaslrslvassgtlefnnesfnwtgvtqngtssacirrss
ssffsrlnwlthlnytypalnvtmpnneqfdklyiwgvhhpgtdkdqiflyaqssgritvstkrsqqavipnigsrprir
dipsrisiywtivkpgdillinstgnliaprgyfkirsgkssimrsdapigkcksecitpngsipndkpfqnvnrityga
cpryvkhstlklatgmrnvpekqtrgifgaiagfiengwegmvdgwygfrhqnsegrgqaadlkstqaaidqingklnrl
igktnekfhqiekefsevegriqdlekyvedtkidlwsynaellvalenqhtidltdsemnklfektkkqlrenaedmgn
gcfkiyhkcdnacigsirngtydhnvyrdealnnrfqikgvelksgykdwilwisfaiscfllcvallgfimwacqkgni
rcnici"
A,H3N2,A/H3N2/Singapore/infimh-16-0019/2016,Sing/16,Gisaid,EPI780183,TRUE,"mktiialsyilclvfaqkipgndnstatlclghhavpngtivktitndrievtnatelvqnssigeicdsphqildgenc
tlidallgdpqcdgfqnkkwdlfverskaysncypydvpdyaslrslvassgtlefknesfnwtgvtqngtssacirgss
ssffsrlnwlthlnytypalnvtmpnkeqfdklyiwgvhhpgtdkdqiflyaqssgritvstkrsqqavipnigsrprir
dipsrisiywtivkpgdillinstgnliaprgyfkirsgkssimrsdapigkcksecitpngsipndkpfqnvnrityga
cpryvkhstlklatgmrnvpekqtrgifgaiagfiengwegmvdgwygfrhqnsegrgqaadlkstqaaidqingklnrl
igktnekfhqiekefsevegrvqdlekyvedtkidlwsynaellvalenqhtidltdsemnklfektkkqlrenaedmgn
gcfkiyhkcdnaciesirnetydhnvyrdealnnrfqikgvelksgykdwilwisfaiscfllcvallgfimwacqkgni
rcnici"
A,H3N2,A/H3N2/Kansas/14/2017,KS/17,GenBank,AVG71503.1,TRUE,mktiialscilclvfaqkipgndnstatlclghhavpngtivktitndrievtnatelvqnssigeicdsphqildgenctlidallgdpqcdgfqnkkwdlfvernkaysncypydvpdyaslrslvassgtlefnnesfnwagvtqngtssscirgskssffsrlnwlthlnskypalnvtmpnneqfdklyiwgvhhpgtdkdqislyaqssgritvstkrsqqavipnigsrprirdipsrisiywtivkpgdillinstgnliaprgyfkirsgkssimrsdapigkcksecitpngsipndkpfqnvnritygacpryvkqstlklatgmrnvperqtrgifgaiagfiengwegmvdgwygfrhqnsegrgqaadlkstqaaidqingklnrligktnekfhqiekefsevegriqdlekyvedtkidlwsynaellvalenqhtidltdsemnklfektkkqlrenaedmgngcfkiyhkcdnacmgsirngtydhnvyrdealnnrfqikgvelksgykdwilwisfaiscfllcvallgfimwacqkgnircnici
A,H3N2,A/H3N2/South Australia/34/2019,SA/19,Gisaid,EPI1387331,TRUE,"mktiialsyilclvfaqkipgndnstatlclghhavpngtivktitndrievtnatelvqnssigeicdsphqildggnc
tlidallgdpqcdgfqnkkwdlfversraysncypydvpdyaslrslvassgtlefknesfnwtgvkqngtssacirgss
ssffsrlnwlthlnytypalnvtmpnkeqfdklyiwgvhhpgtdkdqiflyaqssgritvstkrsqqavipnigfrprir
dipsrisiywtivkpgdillinstgnliaprgyfkirsgkssimrsdapigkcksecitpngsipndkpfqnvnrityga
cpryvkqstlklatgmrnvpekqtrgifgaiagfiengwegmmdgwygfrhqnsegrgqaadlkstqaaidqingklnrl
igktnekfhqiekefsevegrvqdlekyvedtkidlwsynaellvalenqhtidltdsemnklfektkkqlrenaedmgn
gcfkiyhkcdnacigsirnetydhnvyrdealnnrfqikgvelksgykdwilwisfaiscfllciallgfimwacqkgni
rcnici"
A,H3N2,A/H3N2/Hong Kong/2671/2019,HK/19,GenBank,WMW30924.1,TRUE,"mktiialsyilclvftqkipgndnstatlclghhavpngtivktitndrievtnatelvqnssigeicds
phqildggnctlidallgdpqcdgfqnkkwdlfversraysncypydvpdyaslrslvassgtlefknes
fnwagvtqngksfscirgssssffsrlnwlthlnyiypalnvtmpnkeqfdklyiwgvhhpvtdkdqisl
yaqssgritvstkrsqqavipnigsrprirnipsrisiywtivkpgdillinstgnliaprgyfkirsgk
ssimrsdapigkcksecitpngsipndkpfqnvnritygacpryvkqstlklatgmrnvpekqtrgifga
iagfiengwegmvdgwygfrhqnsegrgqaadlkstqaaidqingklnrligktnekfhqiekefseveg
rvqdlekyvedtkidlwsynaellvalenqhtidltdsemnklfektkkqlrenaedmgngcfkiyhkcd
nacigsirnetydhnvyrdealnnrfqikgvelksgykdwilwisfaiscfllcvallgfimwacqkgni
rcnici"
A,H3N2,A/H3N2/Tasmania/503/2020,Tas/20,GenBank,WMW30850.1,TRUE,"MKTIIALSYILCLVFAQKIPGNDNSTATLCLGHHAVPNGTIVKTITNDRIEVTNATELVQNSSIGEICDS
PHQILDGGNCTLIDALLGDPQCDGFQNKEWDLFVERSRANSNCYPYDVPDYASLRSLVASSGTLEFKNES
FNWTGVKQNGTSSACIRGSSSSFFSRLNWLTHLNYTYPALNVTMPNKEQFDKLYIWGVHHPSTDKDQISL
FAQPSGRITVSTKRSQQAVIPNIGSRPRIRDIPSRISIYWTIVKPGDILLINSTGNLIAPRGYFKIRSGK
SSIMRSDAPIGKCKSECITPNGSIPNDKPFQNVNRITYGACPRYVKQSTLKLATGMRNVPEKQTRGIFGA
IAGFIENGWEGMVDGWYGFRHQNSEGRGQAADLKSTQAAIDQINGKLNRLIGKTNEKFHQIEKEFSEVEG
RVQDLEKYVEDTKIDLWSYNAELLVALENQHTIDLTDSEMNKLFEKTKKQLRENAEDMGNGCFKIYHKCD
NACIGSIRNETYDHNVYRDEALNNRFQIKGVELKSGYKDWILWISFAMSCFLLCIALLGFIMWACQKGNI
RCNICI"
A,H3N2,A/H3N2/Darwin/9/2021,Dar/21,GenBank,WND60806.1,TRUE,"MKTIIALSNILCLVFAQKIPGNDNSTATLCLGHHAVPNGTIVKTITNDRIEVTNATELVQNSSIGEICDS
PHQILDGGNCTLIDALLGDPQCDGFQNKEWDLFVERSRANSNCYPYDVPDYASLRSLVASSGTLEFKNES
FNWTGVKQNGTSSACIRGSSSSFFSRLNWLTSLNNIYPAQNVTMPNKEQFDKLYIWGVHHPNTDKNQISL
FAQSSGRITVSTKRSQQAVIPNIGSRPRIRGIPSRISIYWTIVKPGDILLINSTGNLIAPRGYFKIRSGK
SSIMRSDAPIGKCKSECITPNGSIPNDKPFQNVNRITYGACPRYVKQSTLKLATGMRNVPEKQTRGIFGA
IAGFIENGWEGMVDGWYGFRHQNSEGRGQAADLKSTQAAIDQINGKLNRLIGKTNEKFHQIEKEFSEVEG
RVQDLEKYVEDTKIDLWSYNAELLVALENQHTIDLTDSEMNKLFEKTKKQLRENAEDMGNGCFKIYHKCD
NACIGSIRNETYDHNVYRDEALNNRFQIKGVELKSGYKDWILWISFAMSCFLLCIALLGFIMWACQKGNI
RCNICI"